mysql> show databases;
+--------------------+
| Database           |
+--------------------+
| information_schema |
| mysql              |
| payroll_service    |
| payroll_sevice     |
| performance_schema |
| sakila             |
| sys                |
| world              |
+--------------------+
8 rows in set (0.13 sec)

mysql> use payroll_service
Database changed
mysql> select * from employee_payroll;
Empty set (0.03 sec)

mysql>create table employee_payroll(
    -> id   INT unsigned NOT NULL AUTO_INCREMENT,
    -> name VARCHAR(150) NOT NULL,
    -> salary Double NOT NULL,
    -> start DATE NOT NULL,
    -> PRIMARY KEY (id)
    -> )
    -> ;


mysql> INSERT INTO employee_payroll (name,salary,start) VALUES
    -> ('Bill', 100000.00, '2018-01-03'),
    -> ('Terisa', 200000.00, '2019-11-13'),
    -> ('Charlie', 300000.00, '2020-05-21');
Query OK, 3 rows affected (0.04 sec)
Records: 3  Duplicates: 0  Warnings: 0

mysql> select * from employee_payroll;
+----+---------+--------+------------+
| id | name    | salary | start      |
+----+---------+--------+------------+
|  1 | Bill    | 100000 | 2018-01-03 |
|  2 | Terisa  | 200000 | 2019-11-13 |
|  3 | Charlie | 300000 | 2020-05-21 |
+----+---------+--------+------------+
3 rows in set (0.00 sec)

mysql> select salary from employee_payroll where name='Bill';
+--------+
| salary |
+--------+
| 100000 |
+--------+
1 row in set (0.00 sec)

mysql> SELECT * FROM employee_payroll WHERE start BETWEEN CAST('2018-01-01' AS DATE) and date(now());
+----+---------+--------+------------+
| id | name    | salary | start      |
+----+---------+--------+------------+
|  1 | Bill    | 100000 | 2018-01-03 |
|  2 | Terisa  | 200000 | 2019-11-13 |
|  3 | Charlie | 300000 | 2020-05-21 |
+----+---------+--------+------------+
3 rows in set (0.01 sec)

mysql> select * from employee_payroll where start between cast('2018-01-01' as date) and date(now());
+----+---------+--------+------------+
| id | name    | salary | start      |
+----+---------+--------+------------+
|  1 | Bill    | 100000 | 2018-01-03 |
|  2 | Terisa  | 200000 | 2019-11-13 |
|  3 | Charlie | 300000 | 2020-05-21 |
+----+---------+--------+------------+
3 rows in set (0.00 sec)

mysql> select * from employee_payroll where start between cast('2019-01-01' as date) and date(now());
+----+---------+--------+------------+
| id | name    | salary | start      |
+----+---------+--------+------------+
|  2 | Terisa  | 200000 | 2019-11-13 |
|  3 | Charlie | 300000 | 2020-05-21 |
+----+---------+--------+------------+
2 rows in set (0.00 sec)

mysql> alter table employee_payroll add gender char(1) after name;
Query OK, 0 rows affected (0.12 sec)
Records: 0  Duplicates: 0  Warnings: 0

mysql> describe employee_payroll;
+--------+--------------+------+-----+---------+----------------+
| Field  | Type         | Null | Key | Default | Extra          |
+--------+--------------+------+-----+---------+----------------+
| id     | int unsigned | NO   | PRI | NULL    | auto_increment |
| name   | varchar(150) | NO   |     | NULL    |                |
| gender | char(1)      | YES  |     | NULL    |                |
| salary | double       | NO   |     | NULL    |                |
| start  | date         | NO   |     | NULL    |                |
+--------+--------------+------+-----+---------+----------------+
5 rows in set (0.02 sec)

mysql> update employee_payroll set gender ='F' where name ='Terisa';
Query OK, 1 row affected (0.01 sec)
Rows matched: 1  Changed: 1  Warnings: 0

mysql> update employee_payroll set gender ='M' where name ='Bill';
Query OK, 1 row affected (0.00 sec)
Rows matched: 1  Changed: 1  Warnings: 0

mysql> update employee_payroll set gender ='M' where name ='Charlie';
Query OK, 1 row affected (0.01 sec)
Rows matched: 1  Changed: 1  Warnings: 0

mysql> select* from employee_payroll;
+----+---------+--------+--------+------------+
| id | name    | gender | salary | start      |
+----+---------+--------+--------+------------+
|  1 | Bill    | M      | 100000 | 2018-01-03 |
|  2 | Terisa  | F      | 200000 | 2019-11-13 |
|  3 | Charlie | M      | 300000 | 2020-05-21 |
+----+---------+--------+--------+------------+
3 rows in set (0.00 sec)

mysql> describe employee_payroll;
+--------+--------------+------+-----+---------+----------------+
| Field  | Type         | Null | Key | Default | Extra          |
+--------+--------------+------+-----+---------+----------------+
| id     | int unsigned | NO   | PRI | NULL    | auto_increment |
| name   | varchar(150) | NO   |     | NULL    |                |
| gender | char(1)      | YES  |     | NULL    |                |
| salary | double       | NO   |     | NULL    |                |
| start  | date         | NO   |     | NULL    |                |
+--------+--------------+------+-----+---------+----------------+
5 rows in set (0.01 sec)

mysql> select avg(salary) from employee_payroll where gender ='M' group by gender;
+-------------+
| avg(salary) |
+-------------+
|      200000 |
+-------------+
1 row in set (0.00 sec)

mysql> select avg(salary) from employee_payroll where gender ='M' group by name;
+-------------+
| avg(salary) |
+-------------+
|      100000 |
|      300000 |
+-------------+
2 rows in set (0.00 sec)

mysql> select gender, count(name) from employee_payroll group by gender;
+--------+-------------+
| gender | count(name) |
+--------+-------------+
| M      |           2 |
| F      |           1 |
+--------+-------------+
2 rows in set (0.00 sec)